{"cameraMode":{"drawMode":0,"name":"Shaded","section":"Shading Mode"},"sceneLighting":false,"audioPlay":false,"sceneViewState":{"showFog":true,"showMaterialUpdate":false,"showSkybox":true,"showFlares":true,"showImageEffects":true,"showParticleSystems":true},"in2DMode":false,"pivot":{"x":50.63999938964844,"y":22.26999855041504,"z":132.8000030517578},"rotation":{"x":-0.172957181930542,"y":-0.19304795563220979,"z":0.0345933698117733,"w":-0.9652054905891419},"size":4.144681453704834,"orthographic":false}